Text,Label
"I absolutely love this product",true
"This is a fantastic item",true
"I would highly recommend this to anyone",true
"Very satisfied with my purchase",true
"This exceeded my expectations",true
"I'm really happy with it",true
"This was worth every penny",true
"Best decision I made was buying this",true
"Love how easy it is to use",true
"Extremely happy with the quality",true
"Not impressed with the product",false
"Very disappointed with the purchase",false
"Would not recommend this product",false
"Terrible quality and it broke quickly",false
"I regret buying this",false
"Completely useless",false
"Not what I expected at all",false
"Very poor performance",false
"Awful purchase",false
"Couldn’t get it to work properly",false
"This was the worst experience",true
"Definitely will buy again",true
"Great product for the price",true
"I'm very pleased with it",true
"Super easy to set up",true
"Love the design and functionality",true
"Impressed by the durability",true
"Fantastic customer service",true
"Exceeded all my expectations",true
"Highly recommend to others",true
"Could not be happier with this",true
"Not happy with the service",false
"Really poor customer support",false
"Quality is worse than expected",false
"Shipping was delayed and annoying",false
"Not worth the price",false
"I feel like I wasted my money",false
"Disappointing performance",false
"Wouldn’t recommend it",false
"Very bad experience with this product",false
"Good value for the money",true
"Nice and affordable",true
"Good quality for a budget item",true
"Works well and does what it promises",true
"I like it but the quality could be better",true
"Okay product not amazing",true
"Very solid product for the price",true
"Easy to use and effective",true
"Perfect for what I needed",true
"Great customer service and easy returns",true
"Not worth the hype",false
"Very disappointing experience",false
"Product arrived damaged",false
"The product did not work as expected",false
"Would not buy again",false
"Extremely disappointed with my purchase",false
"Very cheap quality",false
"Didn't last as long as it should",false
"Very unimpressed",false
"Stay away from this product",false
"Love the features of this product",true
"Very pleased with the purchase",true
"Fantastic purchase totally worth it",true
"Great quality and value",true
"Very happy with this product",true
"Simple but effective",true
"Perfect for my needs",true
"Great all around product",true
"Would definitely buy again",true
"Exactly what I was looking for",true
"Very poor product",false
"Do not waste your money",false
"Extremely disappointed",false
"Returned it immediately",false
"Do not buy this item",false
"Quality is terrible",false
"Stopped working after a few days",false
"Completely useless",false
"Horrible purchase",false
"Wouldn’t buy it again",false
"Great purchase highly recommend",true
"Better than I expected",true
"Impressed with how well it works",true
"Best purchase I’ve made in a while",true
"Product works exactly as advertised",true
"Perfect for my home office",true
"Good for the price",true
"Happy with my decision",true
"Best investment I made",true
"Good overall experience",true
"Very unhappy with this product",false
"Definitely not recommended",false
"Disastrous product",false
"Faulty and cheap",false
"Not worth it at all",false
"Completely inadequate",false
"Did not meet my expectations",false
"Terrible quality horrible experience",false
"Should have read the reviews first",false
"Awful product",false
"Not good avoid it",false
"Absolutely perfect",true
"Just what I needed",true
"Great for the price",true
"I’m really happy with it",true
"Best buy I’ve made",true
"Exceeded expectations in every way",true
"Fantastic purchase",true
"Perfect addition to my home",true
"Great find",true
"Best experience ever",true
"Awful would never buy again",false
"Total waste of money",false
"Really disappointed",false
"Product is nothing like described",false
"Doesn't work as expected",false
"Horrible quality",false
"Never using this again",false
"Very poor quality don’t buy",false
"Didn't meet my needs at all",false
"Terrible customer support",false
"Great product highly recommend",true
"Very happy with my purchase",true
"Works well and does the job",true
"Definitely worth the money",true
"Excellent value",true
"Top quality product",true
"Great all around",true
"Awesome experience",true
"Perfect for what I wanted",true
"Highly recommended",true
"Very unsatisfied",false
"Not as expected",false
"Total letdown",false
"Don’t waste your time",false
"Unimpressed",false
"Bad purchase",false
"Completely dissatisfied",false
"Very poor experience",false
"Very bad quality",false
"Would not recommend",false
"Absolutely love it",true
"Exactly what I wanted",true
"Better than expected",true
"Perfect for my needs",true
"Highly recommend",true
"Very impressed",true
"Great quality",true
"Really good value",true
"Great for the price",true
"Really satisfied",true
"Would definitely buy again",true
"Very unhappy with this product",false
"Extremely disappointed",false
"Very poor quality",false
"Don't buy this product",false
"Regret purchasing it",false
"Returned it",false
"Horrible experience",false
"Not even worth the cheap price",false
"Nothing like described",false
"Very unhappy",false
"Good quality product",true
"Works great",true
"Very pleased with this",true
"Easy to use",true
"Would recommend to anyone",true
"Affordable and effective",true
"Impressive product",true
"Great product for the price",true
"Exactly what I wanted",true
"Perfect fit for my needs",true
"Awesome purchase",true
"Very disappointed with my purchase",false
"Not worth the money",false
"Very poor quality",false
"Returned it",false
"Not happy with the product",false
"Not what I expected",false
"Don’t waste your money",false
"Does not work properly",false
"Extremely poor quality",false
"Do not buy this",false
"Very good product",true
"Works well",true
"Great quality",true
"Highly recommend",true
"Exactly what I needed",true
"Perfect product for me",true
"Great customer service",true
"Very happy with my purchase",true
"Easy to use",true
"Works like a charm",true
"Good product",true