Text;Label
Love the speedy service and friendly staff!;1
The product is fine.;1
Waited too long for my order quite frustrating experience.;0
Extremely pleased with the product quality. It is outstanding;1
Service was okay.;1
Disappointed with the delayed delivery;0
The customer service was excellent!;1
The product works as expected nothing remarkable though.;0
Disappointed by the lack of features in the product.;0
Very satisfied with the quick delivery.;1
The product is alright.;1
Un1 with the product's poor performance.;0
Thrilled with the high quality of the product.;1
Found the user interface to be great.;1
Experiencing repeated issues with the service is very bad.;0
Overjoyed with the prompt customer support response.;1
Product is okay.;1
Long wait times for support are becoming a norm.;0
Delighted with the seamless and user-friendly experience.;1
The product does its job but it's nothing special.;0
Very 0 with the constant technical glitches.;0
Completely satisfied with the fast and efficient service.;1
The product's performance is mediocre at best.;0
Very 0 due to the incorrect billing charges.;0
Extremely 1 with the product's innovative features.;1
0 about the product it meets basic requirements.;0
Encountering poor customer service has been a frustrating experience.;0